radial_points,mode_1_frequency_hz,mode_1_relative_error_to_finest,mode_2_frequency_hz,mode_2_relative_error_to_finest,mode_3_frequency_hz,mode_3_relative_error_to_finest,mode_4_frequency_hz,mode_4_relative_error_to_finest,mode_5_frequency_hz,mode_5_relative_error_to_finest,mode_6_frequency_hz,mode_6_relative_error_to_finest,mode_7_frequency_hz,mode_7_relative_error_to_finest,mode_8_frequency_hz,mode_8_relative_error_to_finest
64.0,160475.76603356266,0.00018713359670231657,271034.13346554927,0.0003240292865113713,323026.59289676126,5.46218892785238e-05,357892.9492620627,0.0004606483803970437,418894.7125908954,0.0007688989475591351,433631.3650479093,0.00043065379365630254,497688.3177849573,0.0011749252216934072,507973.7604137667,0.0010374136557461198
128.0,160498.6638802616,4.4473042349592494e-05,271101.1673908173,7.678292142730883e-05,323040.6422716547,1.113132906166218e-05,358018.7478116617,0.00010931259420709294,419140.89499014785,0.000181655655937594,433773.9241317178,0.00010203898005189801,498137.0289213231,0.00027439386839759423,508373.9867059876,0.00025034329275281584
256.0,160504.37564266732,8.887024072593778e-06,271117.8303444802,1.532367212581286e-05,323043.57607040094,2.0496046428575153e-06,358050.0724174041,2.1827841634940664e-05,419201.85508389253,3.624149872370856e-05,433809.3730395119,2.0325237819381544e-05,498246.5546049778,5.4583607121128974e-05,508475.7624501687,5.0194843054401545e-05
512.0,160505.80206159403,0.0,271121.9849288833,0.0,323044.2381833714,0.0,358057.88804828055,0.0,419217.0481380076,0.0,433818.19049740414,0.0,498273.75218370574,0.0,508501.2865924422,0.0
