mode_index,omega2_s2,omega_rad_s,frequency_hz,frequency_khz,relative_residual
1,1.0170293584978840e+12,1.0084787347772307e+06,1.6050437564285676e+05,1.6050437564285676e+02,1.2968391376888193e-11
2,2.9018562669063081e+12,1.7034835681351048e+06,2.7111783034452144e+05,2.7111783034452145e+02,4.2216496686064376e-12
3,4.1198552282414067e+12,2.0297426507420607e+06,3.2304357607004547e+05,3.2304357607004545e+02,6.3798193174215261e-12
4,5.0611273871698965e+12,2.2496949542482193e+06,3.5805007241749944e+05,3.5805007241749945e+02,3.0722649245589319e-12
5,6.9375500359827148e+12,2.6339229366066721e+06,4.1920185508407274e+05,4.1920185508407275e+02,5.6606991753305623e-12
6,7.4294659960245449e+12,2.7257046787985936e+06,4.3380937303950306e+05,4.3380937303950304e+02,2.0869989226260204e-12
7,9.8005025307273770e+12,3.1305754312470057e+06,4.9824655460500292e+05,4.9824655460500293e+02,4.8286692349993416e-12
8,1.0207050162862312e+13,3.1948474396850802e+06,5.0847576245036646e+05,5.0847576245036646e+02,3.0416908857092976e-12
