mode_index,frequency_khz,weight_m3,weight_m4,peak_s,centroid_s,sigma_s
1,160.504375642851,0.006939959304,0.993060040696,0.470703125000,0.469636771955,0.125774892452
2,271.117830344415,0.079609486442,0.920390513558,0.275390625000,0.429395539341,0.223835356535
3,323.043576070378,0.699059197878,0.300940802122,0.732421875000,0.584910333255,0.242432451769
4,358.050072417441,0.188583048266,0.811416951734,0.083984375000,0.382875170236,0.275314295218
5,419.201855084059,0.308910769513,0.691089230487,0.001953125000,0.423891333382,0.258054733265
6,433.809373039485,0.697982067486,0.302017932514,0.474609375000,0.501792040108,0.235168358330
7,498.246554605311,0.453288072397,0.546711927603,0.373046875000,0.430703755716,0.248549038168
8,508.475762450326,0.557910493741,0.442089506259,0.357421875000,0.436372828558,0.254356602619
